6,2.2516291673878226,0.3333333333333333,0.0,0.0004703723331174311,1
4,1.5,0.3333333333333333,0.0,0.0015604656944526226,1
9,3.169925001442312,0.3333333333333333,0.0,0.004565564338848653,0
12,3.418295834054489,0.3333333333333333,0.0,0.004960486333035353,0
26,4.056020968057881,0.19230769230769232,0.3076923076923077,0.00048707531060472223,1
12,3.084962500721156,0.08333333333333333,0.3333333333333333,0.0008320486261662732,1
11,3.2776134368191165,0.2727272727272727,0.0,0.0030875237983081123,0
16,3.375,0.125,0.0,0.001551093577237368,1
10,3.121928094887362,0.3,0.0,0.006477828591118351,1
16,3.625,0.25,0.0,0.0022832145871361557,1
3,1.584962500721156,0.2857142857142857,0.0,0.0033432942746668237,0
5,2.321928094887362,0.2,0.0,0.0018021084810300497,0
16,3.5,0.25,0.0,0.0008193487605252311,1
16,3.5,0.125,0.0,0.0010961124523216027,1
7,2.2359263506290326,0.5714285714285714,0.0,0.002982067034354616,0
16,3.625,0.125,0.0,0.0010982878303139741,1
16,3.452819531114783,0.375,0.0,0.0018544852041584064,1
16,3.452819531114783,0.125,0.0,0.0006519100800146552,1
12,2.9182958340544896,0.4166666666666667,0.0,0.00646767534022436,0
7,2.8073549220576046,0.42857142857142855,0.0,0.0029186048793891934,0
2,1.0,0.38461538461538464,0.0,0.013384708237649414,0
16,3.327819531114783,0.0625,0.0,0.0005463797130463797,1
16,3.875,0.1875,0.0,0.0018725915457941601,1
7,2.5216406363433186,0.14285714285714285,0.0,0.0038564708499349027,0
16,3.5,0.1875,0.0,0.001299665678750646,1
16,3.452819531114783,0.375,0.0,0.0008804392627922039,1
2,1.0,0.16666666666666666,0.0,0.0046303656597774245,0
2,1.0,0.38461538461538464,0.0,0.013384708237649414,0
15,3.773557262275185,0.13333333333333333,0.0,0.0012884558227695482,1
24,3.267894147619623,0.3333333333333333,0.0,0.005897756238762208,0
16,3.5,0.1875,0.0,0.0008298331010749313,1
17,3.8521687236032816,0.23529411764705882,0.0,0.0011389913197511238,1
3,1.584962500721156,0.3333333333333333,0.0,0.008148957781310723,0
16,3.077819531114783,0.125,0.0,0.0007799629695054532,1
11,3.0957952550009344,0.36363636363636365,0.0,0.006480181161553711,0
6,2.584962500721156,0.5,0.0,0.0034432471687373643,1
15,3.3735572622751855,0.4,0.0,0.0048231004113357045,0
5,1.9219280948873623,0.4,0.0,0.005015554770456732,0
16,3.2806390622295662,0.125,0.0,0.0009427401257466619,1
13,3.3927474104487847,0.3076923076923077,0.0,0.004775036474382879,0
6,2.584962500721156,0.5,0.0,0.006057184635616009,0
16,3.452819531114783,0.375,0.0,0.004575130686241797,0
16,3.327819531114783,0.125,0.0,0.0020379693418909107,1
17,3.4548223999466066,0.17647058823529413,0.0,0.0010086833156686098,1
12,3.418295834054489,0.5,0.0,0.0024571362806656925,1
12,2.9182958340544896,0.3333333333333333,0.0,0.005956022867787573,1
16,3.2806390622295662,0.1875,0.0,0.0012509568391921334,1
7,2.5216406363433186,0.42857142857142855,0.0,0.005559562830804662,0
3,1.584962500721156,0.5714285714285714,0.0,0.0033432942746668237,0
26,4.440636352673265,0.19230769230769232,0.3076923076923077,0.0008593397318887515,1
8,2.75,0.375,0.0,0.005122384289050956,0
4,1.5,0.3888888888888889,0.0,0.0015604656944526226,1
16,3.202819531114783,0.3125,0.0,0.0018527350880292058,1
16,3.5,0.4375,0.0,0.004308704128965567,1
18,3.836591668108979,0.2777777777777778,0.0,0.0013971584040788196,1
16,2.9056390622295662,0.3125,0.0,0.0009604866304212709,1
9,2.725480556997868,0.3333333333333333,0.0,0.007526889634732772,0
7,2.5216406363433186,0.42857142857142855,0.0,0.005555841789501921,0
26,4.132944044980958,0.15384615384615385,0.3076923076923077,0.0009731201790025319,1
6,2.2516291673878226,0.0,0.0,0.0006378437260790202,1
14,3.128085278891395,0.35714285714285715,0.0,0.0062669570022511195,0
3,1.584962500721156,0.4375,0.0,0.010986354001059883,0
5,1.9219280948873623,0.2,0.0,0.00565804775363599,0
16,3.327819531114783,0.25,0.0,0.0025947189019084444,1
4,1.5,0.35294117647058826,0.0,0.0015604656944526226,1
26,4.103909910282363,0.07692307692307693,0.3076923076923077,0.0010273116253508407,1
26,3.8252517372886508,0.07692307692307693,0.34615384615384615,0.0002075997566193644,1
16,3.625,0.125,0.0,0.0009045646954143684,1
10,2.9219280948873623,0.1,0.0,0.0019885081159590964,0
16,3.625,0.25,0.0,0.002729134363121291,1
14,2.8962915290459286,0.2857142857142857,0.0,0.005621930376832337,0
16,3.0306390622295662,0.0,0.0,0.0011500389278167053,1
27,4.004344446367529,0.14814814814814814,0.3333333333333333,0.0010349716232069173,1
4,1.5,0.5,0.0,0.0035366248601542715,0
16,3.5,0.1875,0.0,0.0011603269936603271,1
7,2.5216406363433186,0.2857142857142857,0.0,0.006473180697036906,0
8,2.5,0.25,0.0,0.005585837938779115,0
10,2.8464393446710154,0.3,0.0,0.004121141839006763,0
6,2.2516291673878226,0.3333333333333333,0.0,0.002511285795599521,1
6,2.584962500721156,0.3333333333333333,0.0,0.0018164733360811793,1
17,3.337175341123077,0.35294117647058826,0.0,0.0019493145105890202,1
8,2.75,0.125,0.0,0.000580237099844943,1
20,3.4464393446710155,0.45,0.0,0.005621862832905143,0
16,3.452819531114783,0.375,0.0,0.0026092268739327565,1
10,3.321928094887362,0.4,0.0,0.005219680464778504,0
16,3.202819531114783,0.4375,0.0,0.002197982296021512,1
17,3.4992275471326932,0.35294117647058826,0.0,0.0015482240819250624,1
3,1.584962500721156,0.3333333333333333,0.0,0.0003471608863765727,0
10,3.121928094887362,0.3,0.0,0.004909375606543362,0
14,3.182005814760214,0.21428571428571427,0.0,0.001272728233512547,1
13,3.0269868333592873,0.38461538461538464,0.0,0.00537633221456751,0
16,3.75,0.125,0.0,0.000890809109763358,1
14,3.039148671903072,0.5,0.0,0.0064360929557008,0
16,3.327819531114783,0.0,0.0,0.0002429226612233148,1
27,4.1804513908921015,0.14814814814814814,0.2962962962962963,0.0009208020237432001,1
16,3.327819531114783,0.3125,0.0,0.0023105785524086177,1
21,3.5351745656359026,0.38095238095238093,0.0,0.0013628824903334706,1
14,3.182005814760214,0.21428571428571427,0.0,0.0006925477513712807,1
7,2.5216406363433186,0.2857142857142857,0.0,0.0023364050324834636,0
16,3.5,0.25,0.0,0.0015402330435010173,1
7,2.8073549220576046,0.2857142857142857,0.0,0.003963481455311521,1
5,2.321928094887362,0.2,0.0,0.0014978826866081769,0
16,3.375,0.1875,0.0,0.0017882424908568701,1
2,1.0,0.4166666666666667,0.0,0.013384708237649414,0
26,4.209867121904035,0.15384615384615385,0.34615384615384615,0.0002289053759641995,1
8,2.4056390622295662,0.375,0.0,0.005287850876086171,0
16,3.75,0.25,0.0,0.0016802586900626114,1
26,3.9500637564362093,0.23076923076923078,0.2692307692307692,0.0010640051816522404,1
14,3.3787834934861767,0.14285714285714285,0.0,0.000814558902794197,1
17,3.292770193936991,0.4117647058823529,0.0,0.0062355707423109395,0
10,2.6464393446710157,0.4,0.0,0.004580451911606597,0
6,2.584962500721156,0.5,0.0,0.004478350899919528,0
26,4.008132025833399,0.07692307692307693,0.34615384615384615,0.0008079942687785825,1
6,2.2516291673878226,0.5,0.0,0.0015514534141985122,1
6,2.2516291673878226,0.3333333333333333,0.0,0.0036419753086419752,1
8,2.75,0.375,0.0,0.0025529380921537784,0
10,3.121928094887362,0.4,0.0,0.004300651413941174,0
13,3.0269868333592873,0.38461538461538464,0.0,0.004800020608844138,0
2,1.0,0.2857142857142857,0.0,0.013384708237649414,0
12,3.418295834054489,0.3333333333333333,0.0,0.0039054205720872384,0
2,1.0,0.375,0.0,0.013384708237649414,0
2,1.0,0.35714285714285715,0.0,0.013384708237649414,0
16,3.577819531114783,0.1875,0.0,0.00135391927875588,1
39,4.077212078381127,0.23076923076923078,0.358974358974359,0.0006754303322930774,1
11,2.413088436425758,0.36363636363636365,0.0,0.007249700681073232,0
16,3.202819531114783,0.0,0.0,0.000984301294758811,1
10,3.121928094887362,0.3,0.0,0.005399435383095514,0
7,2.8073549220576046,0.2857142857142857,0.0,0.0028469237211067276,0
25,4.003856189774724,0.08,0.32,0.0006241331200481528,1
16,3.625,0.125,0.0,0.0014343919082481173,1
4,1.5,0.25,0.0,0.0018409749618899945,0
8,2.5,0.375,0.0,0.006356531601629641,0
27,3.9121138909722304,0.14814814814814814,0.4444444444444444,0.0004705686078235098,1
16,3.75,0.0625,0.0,0.0005584178950192022,1
4,1.5,0.35294117647058826,0.0,0.0015604656944526226,1
15,3.3735572622751846,0.4666666666666667,0.0,0.004173308462524149,0
9,2.6416041678685933,0.5555555555555556,0.0,0.003448975936721035,0
7,2.5216406363433186,0.2857142857142857,0.0,0.006847492917754355,0
2,1.0,0.4166666666666667,0.0,0.013384708237649414,0
3,1.584962500721156,0.36363636363636365,0.0,0.010986354001059883,0
21,3.4632805178108104,0.3333333333333333,0.0,0.006064373196726138,0
17,3.690116517593666,0.35294117647058826,0.0,0.00408395527880822,0
13,2.9312089489103235,0.3076923076923077,0.0,0.005456620836522798,0
16,3.5,0.125,0.0,0.0006942236354001061,1
16,3.75,0.1875,0.0,0.001181262962308714,1
7,2.8073549220576046,0.14285714285714285,0.42857142857142855,0.001422500932304854,0
16,3.452819531114783,0.3125,0.0,0.001958543510831093,1
14,3.2359263506290334,0.2857142857142857,0.0,0.004500333667000333,0
6,2.584962500721156,0.16666666666666666,0.0,0.0010378515770672633,0
26,4.132944044980959,0.038461538461538464,0.34615384615384615,0.0005101964709807846,1
12,3.2516291673878226,0.4166666666666667,0.0,0.0056358274495529395,0
16,3.5,0.25,0.0,0.000610528829483078,1
12,2.688721875540867,0.3333333333333333,0.0,0.004990061362610382,0
26,4.2098671219040344,0.15384615384615385,0.34615384615384615,0.00038583681720936623,1
4,1.5,0.375,0.0,0.0015604656944526226,1
5,1.9219280948873623,0.4,0.0,0.008127735578715971,0
7,2.5216406363433186,0.42857142857142855,0.0,0.0032527625664880567,0
16,3.875,0.25,0.0,0.0012613593986143005,1
16,3.5,0.125,0.0,0.0011742297853408964,1
16,3.75,0.3125,0.0,0.0017196444810823896,1
16,3.5,0.3125,0.0,0.0014798785713818394,1
16,3.875,0.3125,0.0,0.0017540579795481755,1
16,3.875,0.1875,0.0,0.0009184184184184185,1
12,2.792481250360578,0.4166666666666667,0.4166666666666667,0.000274093166250029,1
12,2.8553885422075336,0.4166666666666667,0.0,0.006159100276747335,0
10,2.6464393446710153,0.4,0.0,0.003659160249574193,0
6,2.2516291673878226,0.6666666666666666,0.0,0.00347970519539147,0
18,3.5724312513221195,0.3333333333333333,0.0,0.004331537419772714,1
6,2.2516291673878226,0.5,0.0,0.00361420243773185,0
9,2.94770277922009,0.3333333333333333,0.0,0.005999013719601955,0
17,3.690116517593666,0.17647058823529413,0.0,0.0005496918487114564,1
17,3.6168746059562227,0.17647058823529413,0.0,0.0016984815698050993,1
3,1.584962500721156,0.3,0.0,0.007618770731515829,0
10,3.121928094887362,0.4,0.0,0.004178388628279696,0
14,3.4677201004745006,0.42857142857142855,0.0,0.005526756016952095,0
11,2.9139770731827523,0.36363636363636365,0.0,0.005986403069736402,0
16,3.5,0.25,0.0,0.0018728859578532782,1
16,3.452819531114783,0.25,0.0,0.0012430731384979752,1
3,1.584962500721156,0.3333333333333333,0.0,0.010986354001059883,0
16,3.2806390622295662,0.375,0.0,0.0013840147336879364,1
11,3.0957952550009344,0.2727272727272727,0.0,0.004471334079177216,0
3,1.584962500721156,0.5,0.0,0.0033432942746668237,0
16,3.452819531114783,0.125,0.0,0.0016679915209326973,1
10,2.7219280948873625,0.3,0.0,0.005883388835458552,0
26,4.23890125660263,0.15384615384615385,0.3076923076923077,0.0009651808671416515,1
6,1.792481250360578,0.5,0.0,7.566389919331097e-05,1
3,1.584962500721156,0.3,0.0,0.010986354001059883,0
3,1.584962500721156,0.6666666666666666,0.0,0.002439694596557342,0
16,3.875,0.1875,0.0,0.0017890930145832106,1
6,2.2516291673878226,0.16666666666666666,0.0,0.0017395336512983574,1
17,3.734521664779752,0.17647058823529413,0.0,0.001561349952894071,1
3,1.584962500721156,0.6666666666666666,0.0,0.002205268994484681,0
16,3.577819531114783,0.1875,0.0,0.001502466518806388,1
6,2.2516291673878226,0.5,0.0,0.005505947123594182,0
9,2.94770277922009,0.2222222222222222,0.0,0.00359774603034407,0
16,3.202819531114783,0.3125,0.0,0.0016041368165551173,1
10,2.9219280948873623,0.4,0.0,0.006560645612933194,0
7,2.2359263506290326,0.2857142857142857,0.0,0.0031154929439243164,0
12,3.418295834054489,0.4166666666666667,0.16666666666666666,0.0009631958161369926,1
3,1.584962500721156,0.47619047619047616,0.0,0.0027750790005691963,0
8,2.75,0.375,0.0,0.005858239191572525,0
5,2.321928094887362,0.0,0.0,0.0015534529627666883,0
10,3.121928094887362,0.3,0.0,0.0046058585818934406,0
6,2.2516291673878226,0.5,0.0,0.004770407662564525,0
10,2.9219280948873623,0.3,0.0,0.004198016098887559,0
9,2.725480556997868,0.3333333333333333,0.0,0.0069583983493297225,0
15,3.189898095464287,0.3333333333333333,0.0,0.003749460244558284,0
6,2.251629167387823,0.5,0.0,0.004452835188129305,0
15,3.240223928941852,0.3333333333333333,0.0,0.005716711108867971,0
39,4.438747090435226,0.1794871794871795,0.358974358974359,0.0007985346027141689,1
12,3.584962500721156,0.25,0.0,0.00457360212262173,0
16,3.5,0.1875,0.0,0.0010524740426701212,1
5,2.321928094887362,0.4,0.0,0.0036648167775618756,0
6,2.2516291673878226,0.5,0.0,0.0053557969734440315,0
26,3.8731406795131322,0.15384615384615385,0.0,0.0009158766609747001,1
3,1.584962500721156,0.6666666666666666,0.0,0.004788612141553318,0
16,3.625,0.125,0.0,0.0015343120898676454,1
6,2.584962500721156,0.5,0.0,0.00325801291487566,1
4,2.0,0.25,0.5,0.002255359935098497,0
10,2.9219280948873623,0.3,0.0,0.007518084533335079,0
25,3.6732696895151076,0.28,0.0,0.0011471029853382794,1
16,3.75,0.1875,0.0,0.001048025149332339,1
16,3.5,0.1875,0.0,0.001522453826375395,1
10,3.1219280948873624,0.3,0.0,0.005590203493253602,0
2,1.0,0.45454545454545453,0.0,0.0046303656597774245,0
16,3.327819531114783,0.375,0.0,0.001963532159610591,1
3,1.584962500721156,0.25,0.0,0.010986354001059883,0
16,3.5,0.375,0.0,0.0019726425772177408,1
16,3.25,0.25,0.0,0.0008924610885395199,1
15,3.3735572622751855,0.13333333333333333,0.0,0.0019196191990309638,1
11,3.277613436819116,0.36363636363636365,0.0,0.00541757443718228,0
11,2.9139770731827523,0.36363636363636365,0.0,0.005866577361675401,0
16,3.5,0.25,0.0,0.000880799099753348,1
18,3.5032583347756456,0.3333333333333333,0.0,0.0011176256995172797,1
6,2.2516291673878226,0.5,0.0,0.0037176882765118067,0
9,2.6416041678685933,0.3333333333333333,0.0,0.005803843058745019,0
2,1.0,0.375,0.0,0.013384708237649414,0
9,2.9477027792200903,0.5555555555555556,0.0,0.005115225519637284,0
9,2.725480556997868,0.4444444444444444,0.0,0.006408338485544368,0
26,4.056020968057882,0.07692307692307693,0.2692307692307692,0.000781889732870125,1
15,3.3232314287976203,0.06666666666666667,0.0,0.0005113657074441388,1
26,4.286790198827112,0.15384615384615385,0.23076923076923078,0.0009224420498930303,1
16,3.1556390622295662,0.4375,0.0,0.001768336964415396,1
26,3.9790978911348045,0.11538461538461539,0.2692307692307692,0.0007814775559873599,1
4,1.5,0.35,0.0,0.0015604656944526226,1
16,3.75,0.1875,0.0,0.001723668112557001,1
28,4.110577243331642,0.14285714285714285,0.39285714285714285,0.000626416176525109,1
9,2.725480556997868,0.3333333333333333,0.0,0.006705817336944788,0
11,2.663532754804255,0.45454545454545453,0.0,0.008233650316983648,0
6,2.584962500721156,0.16666666666666666,0.0,0.0024826296885120417,1
4,1.5,0.3076923076923077,0.0,0.0015604656944526226,1
9,2.725480556997868,0.4444444444444444,0.0,0.005731988115566547,0
3,1.584962500721156,0.5714285714285714,0.0,0.0033432942746668237,0
16,3.5,0.3125,0.0,0.0020578748683323846,1
8,2.5,0.375,0.0,0.004210793426479701,0
16,3.202819531114783,0.125,0.0,0.001636473074381571,1
10,3.121928094887362,0.4,0.0,0.005794274666823686,0
16,3.625,0.25,0.0,0.0017985305567004913,1
12,3.418295834054489,0.16666666666666666,0.16666666666666666,0.00328496946144005,1
7,1.950212064914747,0.42857142857142855,0.0,0.004294040772798943,0
14,3.182005814760214,0.2857142857142857,0.0,0.0018574947496516126,1
16,3.5,0.4375,0.0,0.000994900128887057,1
4,1.5,0.3076923076923077,0.0,0.0015604656944526226,1
11,2.845350936622437,0.45454545454545453,0.0,0.006852293469940528,0
16,3.75,0.125,0.0,0.0009274797673490485,1
16,3.327819531114783,0.1875,0.0,0.0012305769822109694,1
12,3.418295834054489,0.3333333333333333,0.0,0.005056326379855792,0
8,3.0,0.375,0.0,0.007511678345011679,0
6,2.584962500721156,0.16666666666666666,0.0,0.0012669532277375414,1
16,3.75,0.1875,0.0,0.0007658148344422854,1
17,3.1751231351134614,0.35294117647058826,0.0,0.004710991628883786,0
14,2.7534343861887853,0.2857142857142857,0.0,0.0014422038931842854,1
10,2.5219280948873624,0.4,0.0,0.006757111141642732,0
13,3.5465935642949384,0.3076923076923077,0.0,0.00437021989309571,0
6,2.584962500721156,0.3333333333333333,0.0,0.0064122946475887645,0
16,3.625,0.1875,0.0,0.0020234940823176113,1
17,3.6168746059562227,0.058823529411764705,0.0,0.0009674196255078609,1
2,1.0,0.14285714285714285,0.0,0.013384708237649414,1
10,3.121928094887362,0.4,0.0,0.008560221441485058,0
16,3.202819531114783,0.375,0.0,0.0018228522640287349,1
2,1.0,0.26666666666666666,0.0,0.013384708237649414,0
17,3.734521664779752,0.23529411764705882,0.0,0.0017442687785825042,1
12,3.418295834054489,0.08333333333333333,0.25,0.0008864479452714747,0
16,2.8522170014624826,0.375,0.0,0.0017907286371338664,1
6,2.584962500721156,0.3333333333333333,0.0,0.006820104418143634,0
16,3.875,0.125,0.0,0.0016600914640130322,1
9,2.94770277922009,0.2222222222222222,0.0,0.0033204773400851836,0
10,3.121928094887362,0.5,0.0,0.005270412024224661,0
9,2.725480556997868,0.3333333333333333,0.0,0.004211779181141926,0
3,1.584962500721156,0.125,0.0,0.010986354001059883,0
11,3.459431618637298,0.36363636363636365,0.0,0.004531050658501639,1
3,1.584962500721156,0.0,0.0,0.00018560226893560227,0
16,3.202819531114783,0.125,0.0,0.000689005999463516,1
14,3.52164063634332,0.0,0.0,0.0008476236417412888,1
6,2.2516291673878226,0.16666666666666666,0.0,0.0011755873520579402,1
5,1.9219280948873623,0.4,0.0,0.006678185538479656,0
4,1.5,0.35294117647058826,0.0,0.0015604656944526226,1
7,2.8073549220576046,0.2857142857142857,0.0,0.0048840507173840515,0
16,3.75,0.1875,0.0,0.0015014524328249815,1
16,3.625,0.1875,0.0,0.0025400563962655466,1
12,3.0849625007211556,0.25,0.0,0.0006864038726783825,1
12,2.918295834054489,0.5,0.0,0.00543727774119931,0
15,3.32323142879762,0.26666666666666666,0.0,0.0019605740193975488,1
16,3.202819531114783,0.25,0.0,0.001083207390396933,1
16,3.625,0.1875,0.0,0.0007034158341347882,1
35,4.161445788918473,0.14285714285714285,0.17142857142857143,0.000951174646388026,1
27,4.004344446367529,0.07407407407407407,0.37037037037037035,0.0005220152278975807,1
19,3.511085408180429,0.3157894736842105,0.0,0.0029908585055643875,1
16,3.75,0.0625,0.0,0.0004485040596151708,1
27,3.838039816898156,0.2222222222222222,0.25925925925925924,0.0012282927724104194,1
7,2.8073549220576046,0.2857142857142857,0.0,0.005959268091621033,0
4,2.0,0.5,0.0,0.003483140002747846,0
11,3.459431618637298,0.36363636363636365,0.0,0.003158771516614653,0
16,3.577819531114783,0.25,0.0,0.0007387779936799543,1
5,2.321928094887362,0.6,0.0,0.0029771806119845336,0
16,3.327819531114783,0.3125,0.0,0.0014642583760230822,1
4,2.0,0.5,0.0,0.0028782867835155414,0
7,2.5216406363433186,0.5714285714285714,0.0,0.003607897112799074,0
6,2.2516291673878226,0.3333333333333333,0.0,0.0060795599521089715,0
11,3.2776134368191165,0.36363636363636365,0.0,0.0063013994386543395,0
16,3.077819531114783,0.3125,0.0,0.0014081401663101007,1
6,2.584962500721156,0.16666666666666666,0.0,0.000326797385620915,1
4,1.5,0.3125,0.0,0.0015604656944526226,1
16,3.5,0.125,0.0,0.0006864544282844938,1
16,3.452819531114783,0.125,0.0,0.0020276158511452628,1
2,1.0,0.2222222222222222,0.0,0.0034855934365738287,0
12,3.2516291673878226,0.16666666666666666,0.25,0.0006727315550844964,1
17,3.4992275471326932,0.058823529411764705,0.0,0.0010449174664860941,1
16,3.625,0.25,0.0,0.0021063056520572864,1
13,3.238901256602631,0.5384615384615384,0.0,0.0067723360615517475,0
9,2.725480556997868,0.3333333333333333,0.0,0.003997594408133623,0
16,3.5,0.25,0.0,0.0022316434081139963,1
7,2.5216406363433186,0.2857142857142857,0.0,0.004264395114068317,0
7,2.5216406363433186,0.2857142857142857,0.0,0.006198314327399295,0
16,3.25,0.1875,0.0,0.0007197557034158342,1
10,3.321928094887362,0.4,0.0,0.0034287555529385594,0
11,2.9139770731827523,0.45454545454545453,0.0,0.005821139767218199,1
4,2.0,0.5,0.0,0.004169692568385379,0
14,3.3248629576173574,0.21428571428571427,0.0,0.00480954181934574,0
6,2.2516291673878226,0.3333333333333333,0.0,0.004876445072523504,0
15,3.3735572622751846,0.3333333333333333,0.0,0.005020479162636025,0
17,3.4992275471326932,0.058823529411764705,0.0,0.00036815307955013836,1
6,2.584962500721156,0.3333333333333333,0.0,0.005794470941529765,0
8,2.25,0.25,0.0,0.004791906752691067,0
16,3.375,0.1875,0.0,0.00183260057443064,1
3,1.584962500721156,0.3333333333333333,0.0,0.0014660493827160495,0
16,3.375,0.1875,0.0,0.0013827389480984252,1
9,2.94770277922009,0.3333333333333333,0.0,0.0043888864354550625,0
7,2.8073549220576046,0.42857142857142855,0.0,0.006752953934326483,0
16,3.625,0.125,0.0,0.0007051823064894958,1
16,2.98345859334435,0.375,0.0,0.005583083083083082,0
16,3.375,0.125,0.0,0.0003174252684056605,1
16,3.2743974703476995,0.4375,0.0,0.002066363749370285,1
17,3.734521664779752,0.11764705882352941,0.0,0.001968711971775697,1
7,2.5216406363433186,0.42857142857142855,0.0,0.004766735689938305,0
5,1.9219280948873623,0.4,0.0,0.005942339398221751,0
10,2.9219280948873623,0.3,0.0,0.00319837811667877,1
12,2.688721875540867,0.3333333333333333,0.0,0.0044303884990159505,0
16,3.327819531114783,0.0625,0.0,0.0009129063704227103,1
16,3.327819531114783,0.3125,0.0,0.0019745071869254876,1
8,2.5,0.25,0.0,0.0038492624276938005,0
26,3.4556501805795428,0.38461538461538464,0.0,0.006274274274274277,0
16,3.327819531114783,0.0,0.0,0.0005932239428971455,1
6,2.584962500721156,0.3333333333333333,0.16666666666666666,0.0038626371469508724,0
12,3.188721875540867,0.3333333333333333,0.0,0.004421868392456627,0
4,2.0,0.25,0.0,0.00610978625684508,0
6,2.2516291673878226,0.0,0.0,0.00047675126106498655,1
17,3.454822399946607,0.23529411764705882,0.0,0.002454706544780075,1
16,3.625,0.0625,0.0,0.0011801998076507883,1
12,2.792481250360578,0.4166666666666667,0.0,0.0066149036737272035,0
8,2.5,0.25,0.0,0.004614418339908536,0
4,1.5,0.0,0.0,0.0005486695846172971,0
16,3.5,0.375,0.0,0.0021202902248653884,1
6,2.2516291673878226,0.3333333333333333,0.0,0.003537508096331626,0
16,3.577819531114783,0.1875,0.0,0.00164383337585952,1
11,3.277613436819116,0.36363636363636365,0.0,0.005883923138825099,0
16,3.577819531114783,0.1875,0.0,0.002039686745569099,1
6,2.584962500721156,0.0,0.0,0.00021192761388839817,1
16,3.625,0.25,0.0,0.0022154998135390292,1
16,3.75,0.25,0.0,0.0006866670592160788,1
8,2.75,0.375,0.0,0.006368027691557103,0
16,3.577819531114783,0.125,0.0,0.0008782311723488194,1
16,3.327819531114783,0.125,0.0,0.0008133787382153392,1
8,2.5,0.375,0.0,0.002576526105937871,1
3,1.584962500721156,0.42857142857142855,0.0,0.010986354001059883,0
3,0.9182958340544896,0.0,0.0,5.4956917702015745e-05,0
16,3.202819531114783,0.3125,0.0,0.004109894207933424,0
17,3.381580488309164,0.23529411764705882,0.0,0.0024575279936799544,1
16,3.5,0.125,0.0,0.0009155397227292652,1
16,3.625,0.1875,0.0,0.0004190301412523635,1
18,3.4613201402110083,0.3888888888888889,0.0,0.004979229517868503,0
16,3.625,0.125,0.0,0.0011754892147049008,1
9,2.9477027792200903,0.4444444444444444,0.0,0.003980113692123496,0
11,3.027169118440619,0.36363636363636365,0.0,0.0046361066949302246,0
12,2.8553885422075336,0.4166666666666667,0.0,0.004651532102512495,0
4,1.5,0.3333333333333333,0.0,0.0015604656944526226,1
4,2.0,0.25,0.0,0.00440162384606829,0
11,3.2776134368191165,0.36363636363636365,0.0,0.0054034917270211385,0
9,3.169925001442312,0.2222222222222222,0.0,0.004962223252664428,0
4,2.0,0.25,0.0,0.002603502195005463,0
3,1.584962500721156,0.5,0.0,0.0027750790005691963,0
7,2.5216406363433186,0.5714285714285714,0.0,0.0021051688943845804,0
16,3.202819531114783,0.1875,0.0,0.0020513160219042576,1
16,3.0306390622295662,0.1875,0.0,0.0023109547455952687,1
16,3.625,0.1875,0.0,0.0008133296695388199,1
13,3.238901256602631,0.46153846153846156,0.0,0.004795256858165355,0
4,2.0,0.0,0.0,0.00022547056860782347,0
14,3.6644977792004623,0.35714285714285715,0.0,0.002239664249468171,1
4,1.5,0.35294117647058826,0.0,0.0015604656944526226,1
12,3.584962500721156,0.08333333333333333,0.25,0.0004943223080477983,1
6,2.251629167387823,0.3333333333333333,0.0,0.002626989734832872,0
12,2.9182958340544896,0.4166666666666667,0.0,0.006846418611124492,0
17,3.6168746059562227,0.058823529411764705,0.0,0.0006000179100669297,1
2,1.0,0.3333333333333333,0.0,0.013384708237649414,0
16,3.5,0.125,0.0,0.0007413786335354961,1
16,3.5,0.4375,0.0,0.0014892670448226003,1
16,3.577819531114783,0.125,0.0,0.000816764476895196,1
5,2.321928094887362,0.4,0.2,0.00321798514200475,0
16,3.4056390622295662,0.375,0.0,0.004613747734662767,1
16,3.452819531114783,0.25,0.0,0.001902768781853749,1
9,2.94770277922009,0.3333333333333333,0.0,0.006068139217649021,0
16,3.625,0.25,0.0,0.002608425418882935,1
16,3.375,0.25,0.0,0.0012942517681079771,1
16,3.75,0.3125,0.0,0.0013687053066138031,1
16,3.625,0.125,0.0,0.000867795900475639,1
3,1.584962500721156,0.14285714285714285,0.0,0.0031994003807729295,0
26,4.056020968057881,0.11538461538461539,0.2692307692307692,0.0014835031109540913,1
16,3.452819531114783,0.0625,0.0,0.0010325848724541534,1
16,3.5,0.1875,0.0,0.0009027327981576347,1
15,3.2402239289418517,0.4,0.0,0.005309528716391462,0
16,3.625,0.0625,0.3125,0.00071033451752406,1
6,2.584962500721156,0.3333333333333333,0.0,0.00535893736874129,0
16,3.452819531114783,0.125,0.0,0.0005382670251951298,1
16,3.452819531114783,0.3125,0.0,0.0018750613358456496,1
9,2.4193819456463714,0.1111111111111111,0.0,0.004665725774794402,0
14,2.950212064914748,0.42857142857142855,0.0,0.004289640319052084,0
16,3.202819531114783,0.25,0.0,0.0016800787715820396,1
19,3.431623565847432,0.21052631578947367,0.0,0.0009423639325600112,1
25,4.133660689688185,0.12,0.28,0.0005181447787656939,1
16,3.5,0.375,0.0,0.004550530923079943,0
11,3.2776134368191165,0.36363636363636365,0.0,0.0047736952638913425,0
7,2.5216406363433186,0.42857142857142855,0.0,0.005537727269753413,0
7,2.5216406363433186,0.42857142857142855,0.0,0.004029805949740591,0
2,1.0,0.5,0.0,0.008758268071993562,0
12,3.584962500721156,0.16666666666666666,0.0,0.0009652923868610142,1
16,3.327819531114783,0.125,0.0,0.0011523451556131295,1
6,2.2516291673878226,0.5,0.0,0.001845227580521698,1
3,1.584962500721156,0.3333333333333333,0.0,0.0022467320261437907,0
15,3.906890595608518,0.26666666666666666,0.26666666666666666,0.003002897855839032,0
8,3.0,0.25,0.0,0.006949281213987096,0
16,3.625,0.3125,0.0,0.0016721132897603483,1
4,1.5,0.3333333333333333,0.0,0.0015604656944526226,1
7,2.5216406363433186,0.42857142857142855,0.0,0.00531982145544237,0
16,3.375,0.25,0.0,0.0026781847206683806,1
42,4.21412829288914,0.07142857142857142,0.47619047619047616,0.00010219449482959763,1
11,2.9139770731827523,0.36363636363636365,0.0,0.0018186323578480439,1
6,1.7924812503605778,0.5,0.0,0.0011715146519068087,0
9,2.725480556997868,0.3333333333333333,0.0,0.004670785982060492,0
16,3.5,0.125,0.0,0.0017659653117169456,1
14,2.8962915290459286,0.21428571428571427,0.0,0.0017780978565292288,1
7,2.8073549220576046,0.14285714285714285,0.0,0.004122586638926508,0
16,3.375,0.125,0.0,0.0002807382545944638,1
3,1.584962500721156,0.3333333333333333,0.0,0.002716564603819506,0
16,3.577819531114783,0.1875,0.0,0.0024721126355113283,1
16,3.577819531114783,0.125,0.0,0.0013835894718247658,1
13,2.7773627950641693,0.38461538461538464,0.0,0.004606117555463961,1
11,3.027169118440619,0.5454545454545454,0.0,0.004762556674321379,0
4,1.5,0.375,0.0,0.0015604656944526226,1
16,3.452819531114783,0.125,0.0,0.000801307843791504,1
16,3.202819531114783,0.0625,0.0,0.0004552101120728571,1
8,2.75,0.375,0.0,0.0048704516841771755,0
12,3.584962500721156,0.08333333333333333,0.4166666666666667,0.00015628373471510726,1
11,3.0957952550009344,0.36363636363636365,0.0,0.005043474847396416,0
5,1.9219280948873623,0.4,0.0,0.004441696598559344,0
4,2.0,0.5,0.0,0.0015493434611081672,0
2,1.0,0.5,0.0,0.013384708237649414,0
11,3.0957952550009344,0.36363636363636365,0.0,0.005877347936171466,0
17,3.381580488309164,0.17647058823529413,0.0,0.0017269414021865003,1
16,3.327819531114783,0.0625,0.0,0.001021021021021021,1
8,3.0,0.25,0.0,0.00568825127648657,0
16,3.452819531114783,0.125,0.0,0.0017686477327000206,1
16,3.202819531114783,0.25,0.0,0.0010238833604846677,1
16,3.5,0.125,0.0,0.0014638167579344049,1
12,3.2516291673878226,0.4166666666666667,0.0,0.003881867607357804,0
12,3.0220552088742,0.4166666666666667,0.0,0.004820417565515605,0
16,3.202819531114783,0.375,0.0,0.003479541633136404,0
6,2.584962500721156,0.3333333333333333,0.0,0.00048141278533435394,1
25,4.133660689688185,0.12,0.24,0.0010637169031776875,1
14,3.52164063634332,0.14285714285714285,0.0,0.0010221571496081302,1
10,2.8464393446710154,0.3,0.0,0.005337145424291393,0
5,2.321928094887362,0.2,0.0,0.003696159394688807,0
6,2.2516291673878226,0.3333333333333333,0.0,0.0029078588392313885,1
9,2.9477027792200903,0.3333333333333333,0.0,0.0037383891244185366,0
21,3.7849418274376423,0.2857142857142857,0.09523809523809523,0.0019808656695911604,0
14,3.3787834934861767,0.2857142857142857,0.0,0.0025362277813258207,0
16,3.202819531114783,0.125,0.0,0.0007925899755965117,1
5,2.321928094887362,0.2,0.2,0.003382733223419498,0
16,3.75,0.25,0.0,0.0018476646581221745,1
10,2.9219280948873623,0.4,0.0,0.0055988450323962305,0
13,3.238901256602631,0.07692307692307693,0.0,0.0004627789554260142,1
6,2.584962500721156,0.16666666666666666,0.3333333333333333,0.003690945847808593,0
14,2.7534343861887853,0.42857142857142855,0.0,0.0053205165950264,0
17,3.3371753411230776,0.23529411764705882,0.0,0.0023870837749514224,1
6,2.2516291673878226,0.0,0.0,0.00034794598520088724,0
8,3.0,0.375,0.0,0.003950378950378951,0
13,3.085055102756477,0.46153846153846156,0.0,0.005013735140369127,0
7,2.5216406363433186,0.2857142857142857,0.0,0.005698181841972692,0
4,1.5,0.4,0.0,0.0015604656944526226,1
3,1.584962500721156,0.45454545454545453,0.0,0.010986354001059883,0
9,2.725480556997868,0.4444444444444444,0.0,0.007413970342891912,0
6,2.584962500721156,0.3333333333333333,0.0,0.008878584466819762,0
16,3.625,0.25,0.0,0.0015807801265317603,1
16,3.452819531114783,0.3125,0.0,0.0032069814912952166,1
12,2.9182958340544896,0.4166666666666667,0.0,0.004953393678883875,0
12,3.2516291673878226,0.4166666666666667,0.0,0.0021413793472617004,1
16,3.25,0.25,0.0,0.001343205951049088,1
12,3.0849625007211556,0.3333333333333333,0.0,0.0027403963678473485,0
15,3.2402239289418517,0.3333333333333333,0.0,0.0012364780747133686,1
19,3.3263604079526945,0.3157894736842105,0.0,0.004972047210609303,0
16,3.702819531114783,0.375,0.0,0.0015306646515796842,1
12,3.084962500721156,0.4166666666666667,0.0,0.004611875690307063,0
9,3.169925001442312,0.2222222222222222,0.0,0.002052052052052052,0
16,3.452819531114783,0.1875,0.0,0.0006088277820303964,1
16,3.625,0.125,0.0,0.0009153434480231866,1
16,3.625,0.125,0.0,0.000844193867069684,1
9,2.4193819456463714,0.3333333333333333,0.0,0.0063241243694675065,1
6,2.2516291673878226,0.16666666666666666,0.0,0.000870576458811753,1
8,2.5,0.375,0.0,0.005736443726639805,0
9,3.169925001442312,0.3333333333333333,0.0,0.003704685077234097,0
17,3.734521664779752,0.058823529411764705,0.0,0.0019301010569392925,1
4,1.5,0.3333333333333333,0.0,0.0015604656944526226,1
12,2.8553885422075336,0.08333333333333333,0.0,0.0014423514423514423,1
3,1.584962500721156,0.2857142857142857,0.0,0.0031994003807729295,0
16,3.75,0.25,0.0,0.0015155514992116297,1
26,3.9500637564362093,0.07692307692307693,0.3076923076923077,0.0006799446505328858,1
16,3.375,0.25,0.0,0.0012326869353013142,1
5,1.9219280948873623,0.6,0.0,0.003375556929478498,0
6,1.9182958340544893,0.5,0.0,0.00428619796266855,1
16,2.60845859334435,0.25,0.0,0.0022004030173964815,1
5,2.321928094887362,0.4,0.0,0.0028786752438713223,0
12,3.418295834054489,0.08333333333333333,0.5,0.00116250385858229,1
16,3.327819531114783,0.4375,0.0,0.0014976577885074617,1
4,1.5,0.35,0.0,0.0015604656944526226,1
16,3.625,0.0625,0.0,0.001250825989388081,1
6,2.584962500721156,0.16666666666666666,0.0,0.0012450685980097743,1
16,3.75,0.0625,0.0,0.001032895640738778,1
14,3.3787834934861767,0.2857142857142857,0.0,0.001171665632449946,1
16,3.327819531114783,0.0625,0.3125,0.0012050122017442278,1
16,3.577819531114783,0.3125,0.0,0.0007332659456842464,1
9,2.725480556997868,0.4444444444444444,0.0,0.005884070344854659,0
13,3.0269868333592873,0.38461538461538464,0.0,0.00612599936537845,0
9,2.94770277922009,0.4444444444444444,0.0,0.004578383530589413,0
3,1.584962500721156,0.36363636363636365,0.0,0.010986354001059883,0
11,2.845350936622437,0.36363636363636365,0.0,0.004253714498812537,1
15,3.456564762130954,0.4,0.0,0.005157275622961898,0
3,1.584962500721156,0.36363636363636365,0.0,0.010986354001059883,0
8,2.25,0.375,0.0,0.006504088121735181,0
6,2.584962500721156,0.3333333333333333,0.0,0.0034392726059392724,0
16,3.875,0.25,0.0,0.0012589223210138247,1
4,1.5,0.5,0.0,0.0023467912356801247,0
9,2.94770277922009,0.1111111111111111,0.0,0.000887897701623192,1
12,3.0220552088742,0.4166666666666667,0.0,0.005649432855315207,0
9,2.94770277922009,0.3333333333333333,0.0,0.0034442530766060175,0
12,3.2516291673878226,0.3333333333333333,0.0,0.005671179200590966,0
7,2.8073549220576046,0.42857142857142855,0.0,0.004572546402611763,0
16,3.875,0.25,0.0,0.0017638880710776135,1
13,2.931208948910323,0.15384615384615385,0.0,0.002670092478099014,1
9,2.94770277922009,0.3333333333333333,0.0,0.0033314871243792813,0
4,1.5,0.2857142857142857,0.0,0.0015604656944526226,1
7,2.5216406363433186,0.2857142857142857,0.0,0.007199560671782894,0
8,3.0,0.375,0.0,0.005219925808161102,0
5,1.9219280948873623,0.6,0.0,0.004000078509882431,0
3,1.584962500721156,0.5714285714285714,0.0,0.0033432942746668237,0
8,2.5,0.375,0.0,0.0025926136220253866,1
6,2.584962500721156,0.3333333333333333,0.0,0.002743380635537498,1
16,3.5,0.25,0.0,0.001562968196955125,1
9,2.6416041678685933,0.4444444444444444,0.0,0.0015596478831772947,0
9,2.725480556997868,0.3333333333333333,0.2222222222222222,0.005227316777561875,0
12,3.2516291673878226,0.5,0.0,0.005720961603314545,0
12,3.0220552088742,0.4166666666666667,0.0,0.007061428630056082,0
14,3.6644977792004623,0.35714285714285715,0.0,0.002483252483252483,1
16,3.1556390622295662,0.0,0.0,0.0004674118563007451,1
16,3.452819531114783,0.1875,0.0,0.0013569451804745923,1
16,3.625,0.3125,0.0,0.0021518086714165147,1
16,2.8993974703476995,0.375,0.0,0.0014711116345103273,1
6,1.9182958340544893,0.3333333333333333,0.0,0.0032284245029343068,1
16,3.625,0.25,0.0,0.0020755068794284476,1
6,2.584962500721156,0.3333333333333333,0.0,0.008758219003317042,0
17,3.1018812234760187,0.11764705882352941,0.0,0.0008161347622131934,1
16,3.452819531114783,0.125,0.0,0.0015702630735310475,1
16,2.7272170014624826,0.375,0.0,0.007785399778863833,0
11,3.277613436819116,0.2727272727272727,0.18181818181818182,0.0038416112190621994,0
16,3.5,0.25,0.0,0.0015115769364135374,1
13,2.7773627950641693,0.46153846153846156,0.0,0.004129599370612442,0
16,3.577819531114783,0.4375,0.0,0.003174906933076868,1
8,2.75,0.375,0.0,0.004393749491788708,0
16,3.625,0.125,0.0,0.0007596812498773284,1
8,3.0,0.375,0.0,0.006879989232930409,0
15,3.506890595608519,0.13333333333333333,0.0,0.0007711843496157223,1
16,3.5,0.25,0.0,0.002959299168449495,1
9,2.725480556997868,0.3333333333333333,0.0,0.00733404973601052,0
26,3.690260390968384,0.15384615384615385,0.4230769230769231,0.00026842528803313123,1
11,2.845350936622437,0.45454545454545453,0.0,0.005286683742566096,0
8,2.5,0.375,0.0,0.005208534865397611,0
3,1.584962500721156,0.36363636363636365,0.0,0.0031994003807729295,0
3,1.584962500721156,0.5,0.0,0.0033432942746668237,0
7,2.5216406363433186,0.2857142857142857,0.0,0.004841565421630781,0
10,3.121928094887362,0.4,0.0,0.0045236958090988585,0
15,3.4565647621309536,0.2,0.0,0.001430860131840524,1
10,2.721928094887362,0.2,0.0,0.0058158921448681795,0
10,2.7219280948873625,0.0,0.0,0.000845289734178623,0
12,3.2516291673878226,0.5,0.0,0.006096403890521537,0
12,3.0849625007211556,0.3333333333333333,0.0,0.005978460635323381,0
16,3.327819531114783,0.1875,0.0,0.0019694694694694695,1
16,3.577819531114783,0.3125,0.0,0.0023633110234417424,1
6,2.584962500721156,0.3333333333333333,0.0,0.005941824177118295,0
2,1.0,0.2857142857142857,0.0,0.0046303656597774245,0
20,3.6841837197791887,0.25,0.0,0.0020043521333511015,1
6,2.584962500721156,0.3333333333333333,0.0,0.0019736403069736405,1
7,2.5216406363433186,0.42857142857142855,0.0,0.0037932131477883112,0
7,2.8073549220576046,0.42857142857142855,0.0,0.005581561954110974,0
16,3.75,0.0625,0.0,0.001280152701721329,1
2,1.0,0.11428571428571428,0.0,0.013384708237649414,1
9,2.725480556997868,0.5555555555555556,0.0,0.004840134251898958,0
26,3.902174814211727,0.23076923076923078,0.38461538461538464,0.0005243675047596618,1
27,3.838039816898156,0.1111111111111111,0.25925925925925924,0.0005746413834649128,1
16,3.375,0.125,0.0,0.0010059405811039797,1
26,4.132944044980958,0.15384615384615385,0.3076923076923077,0.0005991972364521385,1
6,2.584962500721156,0.3333333333333333,0.0,0.0025378810182731747,1
16,3.327819531114783,0.3125,0.0,0.0047845230851766805,0
16,3.5,0.125,0.0,0.0011912566160932176,1
2,1.0,0.3333333333333333,0.0,0.0046303656597774245,0
16,3.452819531114783,0.0,0.0,0.0005322152217577054,1
10,2.6464393446710153,0.4,0.0,0.0061341842932256885,0
10,2.721928094887362,0.3,0.0,0.004455408567609003,0
16,3.25,0.375,0.0,0.002033814860612246,1
16,3.452819531114783,0.25,0.0,0.0021463293358718197,1
16,2.9772170014624826,0.125,0.0,0.0016925912840945522,1
3,1.584962500721156,0.3333333333333333,0.0,0.00216245657422128,0
15,3.189898095464287,0.26666666666666666,0.0,0.0050288033131170385,0
6,2.584962500721156,0.16666666666666666,0.0,0.0011700916602877388,1
16,3.625,0.1875,0.0,0.0012719418765170401,1
5,1.3709505944546687,0.0,0.0,0.0020722928811164106,0
5,2.321928094887362,0.2,0.2,0.0019006138491432607,0
16,3.202819531114783,0.25,0.0,0.002358894842554973,1
4,1.5,0.3333333333333333,0.0,0.0015604656944526226,1
20,3.484183719779189,0.1,0.0,0.0009609842040182598,1
24,4.053508854797679,0.16666666666666666,0.2916666666666667,0.0009885738253172182,1
2,1.0,0.375,0.0,0.013384708237649414,0
4,2.0,0.5,0.0,0.005578617833519795,0
6,2.584962500721156,0.3333333333333333,0.0,0.004566183830889713,0
3,1.584962500721156,0.38461538461538464,0.0,0.0027750790005691963,0
7,2.5216406363433186,0.5714285714285714,0.0,0.0054261369212349605,0
8,2.75,0.375,0.0,0.0030455876044111338,0
16,3.452819531114783,0.3125,0.0,0.0024830385941497046,1
8,2.75,0.5,0.0,0.00849413839609918,0
16,3.625,0.3125,0.0,0.0019071195378384921,1
14,3.3248629576173565,0.42857142857142855,0.0,0.0013481241422417893,1
16,3.202819531114783,0.0625,0.0,0.0017635445903419757,1
13,3.238901256602631,0.46153846153846156,0.0,0.006930418981072575,0
9,2.725480556997868,0.5555555555555556,0.0,0.003429225794421873,1
16,3.75,0.125,0.0,0.0010468802135468803,1
16,3.0,0.0625,0.0,0.0006454003022630473,1
16,3.375,0.25,0.0,0.0009647883177294941,1
13,3.546593564294939,0.38461538461538464,0.0,0.003410641033190052,0
13,3.3927474104487847,0.5384615384615384,0.0,0.0011294178165093198,1
7,2.8073549220576046,0.2857142857142857,0.0,0.0007431451058902039,1
7,2.5216406363433186,0.42857142857142855,0.0,0.00504201096521358,0
16,3.452819531114783,0.0,0.0,0.0002906174148004214,1
6,1.2516291673878228,0.6666666666666666,0.0,0.004020981766079805,0
9,2.94770277922009,0.2222222222222222,0.0,0.004736231329368584,0
16,3.625,0.25,0.0,0.0023879434990546097,1
7,1.950212064914747,0.5714285714285714,0.0,0.0026241110391437192,0
12,3.084962500721156,0.3333333333333333,0.0,0.004037950606578058,0
6,2.584962500721156,0.3333333333333333,0.0,0.004435857426053505,0
6,2.584962500721156,0.3333333333333333,0.0,0.005707423109383894,0
2,1.0,0.38461538461538464,0.0,0.013384708237649414,0
2,1.0,0.4,0.0,0.013384708237649414,0
16,3.452819531114783,0.1875,0.0,0.001301955550321563,1
11,3.2776134368191165,0.18181818181818182,0.0,0.002075531413766708,1
9,2.4193819456463714,0.3333333333333333,0.2222222222222222,0.002370446426818976,0
17,3.6168746059562227,0.17647058823529413,0.0,0.0010158902775324343,1
7,2.8073549220576046,0.2857142857142857,0.0,0.005483547272762959,0
5,2.321928094887362,0.4,0.0,0.004687960018842372,0
9,2.725480556997868,0.5555555555555556,0.0,0.0037968421853225775,0
12,3.0849625007211556,0.5,0.0,0.007649249070817698,0
4,2.0,0.5,0.0,0.006853667392883078,0
10,2.6464393446710153,0.3,0.0,0.0029580506432358286,0
3,1.584962500721156,0.3076923076923077,0.0,0.010986354001059883,0
15,3.506890595608518,0.3333333333333333,0.0,0.005104071157992726,0
6,2.2516291673878226,0.3333333333333333,0.0,0.0018678482403972601,1
7,2.5216406363433186,0.5714285714285714,0.0,0.005663302191079969,0
11,3.0957952550009344,0.2727272727272727,0.0,0.0036149630022179052,0
16,3.75,0.25,0.0,0.0016091091091091092,1
4,1.5,0.35714285714285715,0.0,0.0015604656944526226,1
13,2.931208948910323,0.3076923076923077,0.0,0.004340247109854953,0
4,1.5,0.35294117647058826,0.0,0.0015604656944526226,1
8,3.0,0.375,0.0,0.0047925376356748916,0
16,3.75,0.125,0.0,0.0007243190903321624,1
3,1.584962500721156,0.0,0.0,0.00283040393334511,0
16,3.25,0.125,0.0,0.0007638684436070057,1
5,2.321928094887362,0.0,0.0,0.0007346807591905632,0
8,3.0,0.375,0.125,0.003558845960806745,0
16,3.75,0.25,0.0,0.0015258559212807576,1
12,3.418295834054489,0.25,0.0,0.003314299147632481,0
16,3.625,0.1875,0.0,0.002172368446878251,1
17,3.734521664779752,0.29411764705882354,0.0,0.0013179386494337473,1
6,2.2516291673878226,0.6666666666666666,0.0,0.0017676990716206404,1
16,3.625,0.125,0.0,0.0013411123541842496,1
17,3.4548223999466066,0.23529411764705882,0.0,0.0025990451235549275,1
6,2.251629167387823,0.16666666666666666,0.0,0.0019429723841488545,1
16,3.75,0.1875,0.0,0.0021458059366556096,1
9,2.725480556997868,0.3333333333333333,0.0,0.004037922726648217,0
4,1.5,0.3333333333333333,0.0,0.0015604656944526226,1
10,3.1219280948873624,0.3,0.0,0.00532577784756434,0
4,1.5,0.3333333333333333,0.0,0.0015604656944526226,1
5,2.321928094887362,0.2,0.4,0.002140068990559187,0
6,2.584962500721156,0.16666666666666666,0.0,0.0022115743194174565,0
16,3.452819531114783,0.3125,0.0,0.0014576831733694481,1
16,3.625,0.0625,0.25,0.001125406452203838,1
21,3.553763114472245,0.23809523809523808,0.0,0.0007544922373353747,1
7,2.5216406363433186,0.2857142857142857,0.0,0.006019786125995276,0
16,3.452819531114783,0.125,0.0,0.0006805171184256152,1
11,3.0957952550009344,0.45454545454545453,0.0,0.006425714930616891,0
4,1.5,0.35294117647058826,0.0,0.0015604656944526226,1
16,3.375,0.1875,0.0,0.0011584623839525803,1
16,3.5,0.25,0.0,0.0018688786826041729,1
16,3.625,0.1875,0.0,0.0009087355329185395,1
6,2.2516291673878226,0.3333333333333333,0.0,0.005415464484091934,0
8,2.5,0.375,0.0,0.004356106807087199,0
14,3.182005814760214,0.35714285714285715,0.0,0.0031734977813409194,0
3,1.584962500721156,0.4444444444444444,0.0,0.005980122279141888,0
12,3.2516291673878226,0.4166666666666667,0.0,0.005953569433961591,1
6,2.584962500721156,0.3333333333333333,0.0,0.00541610237688669,0
13,3.180832987205441,0.07692307692307693,0.0,0.0010628888692614184,1
12,3.2516291673878226,0.25,0.0,0.005171370122350514,0
16,3.875,0.25,0.0,0.002687605906560155,1
24,4.136842188131013,0.20833333333333334,0.125,0.0012795404099751925,1
16,3.452819531114783,0.0625,0.0,0.0009687465243020799,1
21,3.427333493898265,0.42857142857142855,0.09523809523809523,0.006133547763449725,0
10,2.6464393446710153,0.4,0.0,0.007029960243467868,0
17,3.6168746059562227,0.35294117647058826,0.0,0.0016373450656538893,1
16,3.75,0.125,0.0,0.0010667039588608217,1
16,3.452819531114783,0.125,0.0,0.0018500853794971442,1
17,3.219528282299548,0.058823529411764705,0.0,0.0005904955200298336,1
9,2.725480556997868,0.3333333333333333,0.0,0.009989002482875032,0
6,2.251629167387823,0.5,0.0,0.0024872421441048892,0
16,3.5,0.25,0.0,0.0015058849699372571,1
10,3.121928094887362,0.4,0.0,0.004224976610597527,0
16,3.5,0.25,0.0,0.001426181083043828,1
10,2.721928094887362,0.2,0.0,0.002656768969405135,0
8,2.5,0.25,0.0,0.0037172676878559235,0
12,3.2516291673878226,0.3333333333333333,0.0,0.005041204305910188,0
16,3.375,0.25,0.0,0.002967493637428278,1
21,3.689703732199547,0.14285714285714285,0.0,0.001103861214155332,1
2,1.0,0.3333333333333333,0.0,0.013384708237649414,0
12,3.418295834054489,0.3333333333333333,0.0,0.0027436081357649984,1
16,3.25,0.4375,0.0,0.005153846657114631,0
10,3.321928094887362,0.2,0.0,0.0008031451931234066,1
16,3.625,0.1875,0.0,0.0023595163791242223,1
2,1.0,0.375,0.0,0.010336807395630926,0
10,3.321928094887362,0.4,0.0,0.0033352524637927684,0
16,3.25,0.375,0.0,0.0012753112589713898,1
42,4.403989446485262,0.14285714285714285,0.47619047619047616,0.0005175967454781419,1
13,2.6535442970305683,0.46153846153846156,0.0,0.0041532750070331775,1
16,3.5,0.3125,0.0,0.001408614496849791,1
16,3.5,0.125,0.0,0.0017346267836463914,1
6,2.584962500721156,0.3333333333333333,0.0,0.0005742507213095449,1
6,0.9182958340544896,0.0,1.0,0.0001318475338083181,0
9,2.94770277922009,0.6666666666666666,0.0,0.004880953257178747,0
12,2.8553885422075336,0.4166666666666667,0.0,0.0061360379987830975,0
13,3.3927474104487847,0.38461538461538464,0.0,0.005020747872055062,0
11,2.9139770731827523,0.6363636363636364,0.0,0.0031597774244833065,0
16,3.625,0.0625,0.375,0.0003287110640051817,1
5,2.321928094887362,0.4,0.0,0.005554512846179513,0
6,2.251629167387823,0.3333333333333333,0.0,0.006134811281870106,1
16,3.5,0.125,0.0,0.0019193867069684063,1
6,2.251629167387823,0.3333333333333333,0.0,0.0033774951422010243,0
10,3.121928094887362,0.4,0.0,0.006380999736119562,0
3,1.584962500721156,0.38461538461538464,0.0,0.010986354001059883,0
6,2.584962500721156,0.5,0.0,0.004987732830870086,0
16,3.5,0.125,0.0,0.0012021335060550748,1
16,3.375,0.1875,0.0,0.0019401264009107145,1
7,2.5216406363433186,0.42857142857142855,0.0,0.0036494828161494825,0
8,2.75,0.375,0.0,0.004346713660439151,0
12,3.2516291673878226,0.16666666666666666,0.25,0.0020498439616086672,1
3,1.584962500721156,0.16666666666666666,0.0,0.010986354001059883,0
27,3.7178504651264324,0.1111111111111111,0.0,0.0008920968479792012,1
26,4.23890125660263,0.0,0.34615384615384615,0.00011795128461795129,1
13,3.0269868333592873,0.38461538461538464,0.0,0.004897421931735656,0
9,2.6416041678685933,0.4444444444444444,0.0,0.006351449488704391,0
9,2.5032583347756456,0.4444444444444444,0.0,0.007465308445700603,0
9,2.725480556997868,0.2222222222222222,0.0,0.005253016496889046,0
16,3.452819531114783,0.0625,0.0,0.0007105962171321649,1
16,3.625,0.3125,0.0,0.0024839545427780716,1
11,3.0957952550009344,0.36363636363636365,0.0,0.004806865689218631,0
2,1.0,0.4,0.0,0.0046303656597774245,0
4,2.0,0.25,0.25,0.001681419982073577,0
5,2.321928094887362,0.2,0.0,0.0009854830320516594,0
16,3.452819531114783,0.25,0.0,0.003427021793034865,1
16,3.452819531114783,0.25,0.0,0.003205656637029186,1
12,3.2516291673878226,0.08333333333333333,0.3333333333333333,0.00019230460406931,1
14,3.182005814760214,0.5,0.0,0.006634858840741193,0
16,3.375,0.3125,0.0,0.0026090960241287042,1
13,3.3927474104487847,0.38461538461538464,0.0,0.0041400060190909865,0
16,3.625,0.1875,0.0,0.0004478498105949086,1
16,3.577819531114783,0.3125,0.0,0.0014273423750547933,1
6,2.2516291673878226,0.5,0.0,0.005448634909419223,1
16,3.75,0.1875,0.0,0.0009715434388637003,1
16,3.577819531114783,0.0,0.0,0.0006498491956008297,1
12,2.8553885422075336,0.4166666666666667,0.0,0.006000028549048158,0
9,2.94770277922009,0.21739130434782608,0.0,0.0033314871243792813,0
6,2.584962500721156,0.3333333333333333,0.0,0.002603387701426917,1
16,3.327819531114783,0.25,0.0,0.0028797752000366385,1
8,3.0,0.5,0.0,0.00527631973710405,0
14,3.3787834934861767,0.14285714285714285,0.0,0.0009780519584441153,1
13,3.0850551027564768,0.38461538461538464,0.0,0.006128595916177614,0
2,1.0,0.375,0.0,0.013384708237649414,0
15,3.1898980954642866,0.4,0.0,0.005168946958162645,0
3,1.584962500721156,0.2857142857142857,0.0,0.005980122279141888,0
3,1.584962500721156,0.25,0.0,0.010986354001059883,0
2,1.0,0.0,0.0,0.001471814952207109,0
7,2.8073549220576046,0.42857142857142855,0.0,0.0069221590871917675,0
16,3.452819531114783,0.0625,0.0,0.0005116881587469822,1
22,3.663532754804254,0.36363636363636365,0.0,0.004328990521800978,0
12,3.2516291673878226,0.4166666666666667,0.0,0.004687798315249295,0
24,3.90726822961739,0.16666666666666666,0.4583333333333333,0.0003480462559746447,1
26,4.209867121904035,0.038461538461538464,0.2692307692307692,0.0002732242045967536,1
17,3.454822399946607,0.23529411764705882,0.0,0.0017619948379752298,1
12,3.2516291673878226,0.4166666666666667,0.0,0.0047254250685623235,0
16,3.452819531114783,0.0625,0.0,0.0008609099295373806,1
13,2.873140679513133,0.38461538461538464,0.0,0.00630491602713825,1
4,1.5,0.5,0.0,0.007537602962439564,0
16,3.327819531114783,0.0,0.0,0.0006342453564675786,1
3,1.584962500721156,0.2222222222222222,0.0,0.010986354001059883,0
6,2.2516291673878226,0.3333333333333333,0.0,0.001047469037665116,1
8,2.75,0.375,0.0,0.0057351469116175,0
9,3.169925001442312,0.2222222222222222,0.0,0.0030392831557047245,0
8,3.0,0.25,0.0,0.0013975109563344856,1
10,2.8464393446710154,0.4,0.0,0.005235191618633884,0
6,2.2516291673878226,0.16666666666666666,0.0,0.0028562385915327088,1
16,3.625,0.25,0.0,0.0011432838066824996,1
3,1.584962500721156,0.2857142857142857,0.0,0.0031994003807729295,0
13,2.931208948910323,0.3076923076923077,0.0,0.007209803758006374,0
27,4.208410187268527,0.1111111111111111,0.18518518518518517,0.0006881693156202962,1
6,2.584962500721156,0.3333333333333333,0.0,0.0034173389075349858,1
4,2.0,0.25,0.0,0.005157199683343474,0
16,3.202819531114783,0.125,0.0,0.0016137379209274635,1
3,1.584962500721156,0.42857142857142855,0.0,0.010986354001059883,0
11,2.7321588913645702,0.45454545454545453,0.36363636363636365,0.0014368535201868535,0
15,2.872905595320056,0.4,0.0,0.006965684171566525,0
16,3.577819531114783,0.125,0.0,0.001030344069559756,1
8,2.5,0.375,0.0,0.005054564368289859,0
12,3.2516291673878226,0.5,0.0,0.004680415709827475,0
4,2.0,0.25,0.0,0.004032627398640471,0
7,2.2359263506290326,0.2857142857142857,0.0,0.004303322930773912,0
8,2.75,0.125,0.0,0.0028968394164472595,0
13,3.180832987205441,0.38461538461538464,0.0,0.0035412250485779896,0
2,1.0,0.17142857142857143,0.0,4.587921254587921e-05,1
12,3.418295834054489,0.3333333333333333,0.0,0.003505198603237819,0
10,2.721928094887362,0.5,0.0,0.006576265808291952,0
8,2.4056390622295662,0.375,0.0,0.005446938535173828,0
9,2.725480556997868,0.3333333333333333,0.0,0.005549697982296022,0
6,2.251629167387823,0.16666666666666666,0.0,0.003127490235333373,0
10,2.9219280948873623,0.2,0.0,0.004649393402116713,0
14,3.3787834934861767,0.42857142857142855,0.0,0.005367698014756839,0
16,3.5,0.125,0.0,0.0007644245552742286,1
16,3.077819531114783,0.3125,0.0,0.0023303205165950266,1
5,2.321928094887362,0.2,0.0,0.004220151524073093,0
16,3.5,0.0625,0.0,0.0003720223491465321,1
16,3.327819531114783,0.4375,0.0,0.006906628851073296,0
16,3.5,0.1875,0.0,0.001423662224315819,1
16,3.2806390622295662,0.25,0.0,0.0027512970486826688,1
9,2.94770277922009,0.5555555555555556,0.0,0.003811072101513278,0
16,3.625,0.25,0.0,0.0015852290198695427,1
11,2.9139770731827523,0.2727272727272727,0.0,0.00679780270466545,0
27,4.134336113194452,0.1111111111111111,0.4074074074074074,0.0008182296172492251,1
6,2.584962500721156,0.3333333333333333,0.0,0.00266447820369389,0
16,3.5,0.1875,0.0,0.0009949001288870568,1
16,3.625,0.0625,0.0,0.001298504386739681,1
12,3.188721875540867,0.4166666666666667,0.0,0.0041850451164176655,0
5,2.321928094887362,0.4,0.0,0.0034390395297258045,0
10,2.6464393446710153,0.3,0.0,0.00621866419796703,0
16,3.327819531114783,0.375,0.0,0.0019275157510451626,1
16,3.452819531114783,0.25,0.0,0.0026546644683899576,1
15,3.640223928941851,0.4,0.0,0.0034369628732373826,0
12,3.084962500721156,0.16666666666666666,0.0,0.0009873063794632424,1
13,3.238901256602631,0.07692307692307693,0.0,0.0019530559971736444,1
16,3.577819531114783,0.1875,0.0,0.0015449436364469047,1
6,1.7924812503605778,0.5,0.0,0.0008440793734911382,1
16,3.125,0.1875,0.0,0.0006496038522182314,1
7,2.8073549220576046,0.42857142857142855,0.14285714285714285,0.002404406040026955,0
26,4.085055102756477,0.15384615384615385,0.3076923076923077,0.0006598559343657381,1
15,3.189898095464287,0.4666666666666667,0.0,0.006049098818706662,0
7,2.2359263506290326,0.5714285714285714,0.0,0.004686099498191002,0
16,3.375,0.125,0.0,0.0007724881744489587,1
6,2.584962500721156,0.16666666666666666,0.0,0.000775334157687099,1
26,3.9500637564362098,0.11538461538461539,0.3076923076923077,0.0005215804039333452,1
14,2.8962915290459286,0.2857142857142857,0.0,0.0008838023543905894,1
16,3.625,0.25,0.0,0.0014845728081022199,1
16,3.375,0.3125,0.0,0.0019679810529483733,1
16,3.452819531114783,0.1875,0.0,0.0008360648229929277,1
12,3.084962500721156,0.08333333333333333,0.0,0.0005769361161518023,1
4,1.5,0.2857142857142857,0.0,0.0015604656944526226,1
16,3.75,0.3125,0.0,0.0017292128730037224,1
16,3.625,0.3125,0.0,0.0020666418052038963,1
3,1.584962500721156,0.4375,0.0,0.010986354001059883,0
6,2.584962500721156,0.16666666666666666,0.0,0.0003856797974445033,1
10,3.121928094887362,0.4,0.0,0.006151521892262634,0
13,3.5465935642949384,0.3076923076923077,0.0,0.004076932324481345,0
16,3.75,0.25,0.0,0.0014325600109913836,1
9,2.503258334775646,0.5555555555555556,0.0,0.004716419851223773,0
9,2.94770277922009,0.3157894736842105,0.0,0.0033314871243792813,0
8,2.75,0.25,0.0,0.0028562876602092288,0
9,2.94770277922009,0.29411764705882354,0.0,0.0033314871243792813,0
16,3.327819531114783,0.125,0.0,0.0009145092805223526,1
6,2.584962500721156,0.5,0.0,0.008366994445425819,0
28,4.066108939837481,0.10714285714285714,0.39285714285714285,0.0005500871241611982,1
16,3.577819531114783,0.1875,0.0,0.0007890733871126027,1
4,1.5,0.25,0.0,0.0030903452472079928,0
16,3.452819531114783,0.25,0.0,0.002171190798641779,1
8,2.5,0.375,0.0,0.005869034300406849,0
16,2.7272170014624826,0.125,0.0,0.0008734551545009062,1
17,3.1018812234760182,0.4117647058823529,0.0,0.006340700381754303,0
14,3.182005814760214,0.42857142857142855,0.0,0.0027504880446056917,1
6,2.584962500721156,0.3333333333333333,0.0,0.002807660601778249,1
15,3.1898980954642866,0.4,0.0,0.00610572056650488,0
12,3.4182958340544896,0.3333333333333333,0.0,0.006259267288679054,0
28,4.039148671903071,0.07142857142857142,0.42857142857142855,0.00037553893763044087,1
14,3.52164063634332,0.5,0.0,0.0043907972829541455,0
26,4.132944044980958,0.07692307692307693,0.4230769230769231,0.0003147461186676873,1
11,2.9139770731827523,0.36,0.0,0.004698963669551905,0
18,3.5724312513221195,0.3888888888888889,0.0,0.005026811702128888,0
13,3.3927474104487847,0.38461538461538464,0.0,0.005692784287555528,0
3,1.584962500721156,0.5,0.0,0.010986354001059883,0
16,3.625,0.125,0.0,0.0017413164798785715,1
5,2.321928094887362,0.4,0.0,0.003763322145675087,0
10,2.6464393446710153,0.4,0.0,0.005588513349951258,0
7,2.8073549220576046,0.14285714285714285,0.0,0.0022553599350984975,0
16,3.577819531114783,0.125,0.0,0.0012422716834481543,1
9,2.725480556997868,0.4444444444444444,0.1111111111111111,0.006719433894678994,0
4,1.5,0.3684210526315789,0.0,0.0015604656944526226,1
25,4.243856189774724,0.08,0.24,0.000734803430881862,1
16,3.625,0.25,0.0,0.001084450463535431,1
16,3.452819531114783,0.1875,0.0,0.0016091581777856287,1
18,3.4613201402110083,0.4444444444444444,0.0,0.003914352645609855,0
3,1.584962500721156,0.4,0.0,0.010986354001059883,0
4,1.5,0.35,0.0,0.0015604656944526226,1
7,1.950212064914747,0.0,0.0,0.0002662384606829051,1
15,3.3735572622751855,0.3333333333333333,0.0,0.004924076737802228,0
4,1.5,0.35714285714285715,0.0,0.0015604656944526226,1
16,3.577819531114783,0.3125,0.0,0.0018932003899324163,1
10,2.7219280948873625,0.3,0.0,0.006409922994890314,0
12,2.625814583693911,0.5,0.0,0.006400696596775027,0
3,1.584962500721156,0.25,0.0,0.011099089285363795,0
3,1.584962500721156,0.21428571428571427,0.0,0.010986354001059883,0
16,3.2806390622295662,0.1875,0.0,0.0013756076337775684,1
16,3.0,0.125,0.0,0.0006555738745281229,1
7,2.5216406363433186,0.14285714285714285,0.0,0.0022178223975609598,0
18,3.4613201402110083,0.3333333333333333,0.0,0.0059919492733794925,0
6,2.584962500721156,0.16666666666666666,0.0,0.005234057586998763,0
26,3.7483286603655737,0.11538461538461539,0.2692307692307692,0.0003287601326817013,1
9,2.058813890331201,0.1111111111111111,0.0,0.001034337033111543,1
24,3.8553885422075345,0.2916666666666667,0.0,0.003674081157030859,0
16,3.625,0.125,0.0,0.0008724574247450064,1
10,2.9219280948873623,0.4,0.0,0.004679052691035262,0
16,3.625,0.0625,0.0,0.0009078850091921984,1
6,2.2516291673878226,0.16666666666666666,0.0,0.0009609609609609609,1
10,3.321928094887362,0.23529411764705882,0.0,0.007713350605507468,0
14,3.128085278891395,0.21428571428571427,0.0,0.0020159110845385355,1
25,4.133660689688185,0.04,0.32,9.690041348538082e-05,1
16,3.452819531114783,0.25,0.0,0.000728784339895451,1
3,1.584962500721156,0.4444444444444444,0.0,0.010986354001059883,0
16,3.5,0.1875,0.0,0.00109603067119407,1
16,3.5,0.1875,0.0,0.0016822377933489044,1
20,3.4464393446710155,0.45,0.0,0.005817039950166885,0
25,4.133660689688185,0.12,0.4,0.0010435885231636864,1
12,3.084962500721156,0.3333333333333333,0.16666666666666666,0.0009263720048033772,1
16,3.0306390622295662,0.125,0.0,0.0013627843529804317,1
19,3.391892644680934,0.2631578947368421,0.0,0.001959394034557433,1
13,3.546593564294939,0.23076923076923078,0.0,0.001134938042617781,1
11,2.663532754804255,0.45454545454545453,0.0,0.007267782488370724,0
27,4.162294909570877,0.1111111111111111,0.2962962962962963,0.000639949904655787,1
6,2.2516291673878226,0.3333333333333333,0.0,0.0035392745686863335,0
9,2.725480556997868,0.25,0.0,0.0071677682584545335,0
16,3.0306390622295662,0.3125,0.0,0.0019286279743796083,1
6,2.584962500721156,0.3333333333333333,0.0,0.0018840409036487468,1
2,1.0,0.4,0.0,0.013384708237649414,0
14,3.52164063634332,0.21428571428571427,0.0,0.0024635495223730517,1
16,3.5,0.25,0.0,0.003568617637245089,1
12,2.688721875540867,0.3333333333333333,0.0,0.005589100687139901,0
17,3.3371753411230776,0.17647058823529413,0.0,0.0013623764696068619,1
15,2.872905595320056,0.4,0.0,0.004847424455267592,0
11,2.845350936622437,0.2727272727272727,0.0,0.0032738375630532494,0
11,3.0271691184406193,0.36363636363636365,0.0,0.005817116135743585,0
16,3.452819531114783,0.125,0.0,0.0008199539408689736,1
11,3.277613436819116,0.36363636363636365,0.2727272727272727,0.00288751987281399,0
19,3.431623565847432,0.42105263157894735,0.0,0.005929690583830018,0
8,2.75,0.5,0.0,0.006066956312054352,0
16,3.625,0.0625,0.0,0.0008527645292351174,1
